"title","authors","journal_date_doi","date","doi","volume_issue","pages","abstract","link"
"Heart Disease in Children.","Garcia RU, Peddy SB.","Prim Care. 2018 Mar;45(1):143-154. doi: 10.1016/j.pop.2017.10.005.","2018","10.1016/j.pop.2017.10.005.","45(1)","143-154","More children than ever born with congenital heart disease (CHD) are growing into adulthood. Primary care providers play a key role in diagnosis, management, and referral of children with CHD because many common cardiac complaints (eg, feeding intolerance, cyanosis, …","https://pubmed.ncbi.nlm.nih.gov/29406940/"
"Heart disease in pregnancy.","Emmanuel Y, Thorne SA.","Best Pract Res Clin Obstet Gynaecol. 2015 Jul;29(5):579-97. doi: 10.1016/j.bpobgyn.2015.04.002. Epub 2015 Apr 16.","2015","10.1016/j.bpobgyn.2015.04.002.","29(5)","579-97","Cardiac disease is the leading cause of maternal mortality in the developed world. The majority of women with heart disease are able to successfully undergo pregnancy. ...We review the presentation and management of both congenital and acquired heart …","https://pubmed.ncbi.nlm.nih.gov/26026739/"
"Acquired Heart Disease in Children.","Ishimine P.","Emerg Med Clin North Am. 2025 Nov;43(4):753-768. doi: 10.1016/j.emc.2025.06.007. Epub 2025 Aug 28.","2025","10.1016/j.emc.2025.06.007.","43(4)","753-768","Acquired heart disease in children can have both acute and long-term consequences. Common acquired heart diseases include endocarditis, myocarditis, pericarditis, pericardial effusion, Kawasaki disease, myocardial infarction, multisystem inflamm …","https://pubmed.ncbi.nlm.nih.gov/41106879/"
"Heart disease in children.","Harris GD.","Prim Care. 2000 Sep;27(3):767-84;vii-viii. doi: 10.1016/s0095-4543(05)70173-1.","2000","10.1016/s0095-4543(05)70173-1.","27(3)","767-84","Advances in the understanding of the pathophysiology, diagnosis, and medical and surgical management of neonates with cardiovascular disease has led to their improved survival rates. These improvements have resulted in an increased number of pediatric patients presenting t …","https://pubmed.ncbi.nlm.nih.gov/10918679/"
"Hypertensive heart disease: is it really a pathology?","Bellicini MG.","Hypertens Res. 2025 Oct;48(10):2737-2739. doi: 10.1038/s41440-025-02312-x. Epub 2025 Aug 4.","2025","10.1038/s41440-025-02312-x.","48(10)","2737-2739","Hypertensive heart disease is not a direct cause of heart failure. Left ventricular hypertrophy is common in hypertension but rarely progresses to HFpEF or HFrEF. ...","https://pubmed.ncbi.nlm.nih.gov/40760163/"
"Diabetic heart disease.","Asmal AC, Leary WP, Thandroyen F.","S Afr Med J. 1980 May 10;57(19):788-90.","1980 May 10","N/A","57(19)","788-90","The fact that a significant proportion of diabetics die of heart disease has led to the belief that the excess mortality is due to coronary athersclerosis, yet many risk factors for the latter are common to diabetics and non-diabetics. In fact, heart disea …","https://pubmed.ncbi.nlm.nih.gov/6996126/"
"Heart disease in diabetes mellitus.","Raman M, Nesto RW.","Endocrinol Metab Clin North Am. 1996 Jun;25(2):425-38. doi: 10.1016/s0889-8529(05)70331-5.","1996","10.1016/s0889-8529(05)70331-5.","25(2)","425-38","The spectrum of heart disease in diabetic patients is broad and complex. This article discusses the epidemiologic associations between the two causes. ...The clinical manifestations are explored, and the treatment of heart disease as it pertains to dia …","https://pubmed.ncbi.nlm.nih.gov/8799707/"
"Heart disease in Asia.","Sasayama S.","Circulation. 2008 Dec 16;118(25):2669-71. doi: 10.1161/CIRCULATIONAHA.108.837054.","2008 Dec 16","10.1161/CIRCULATIONAHA.108.837054.","118(25)","2669-71","","https://pubmed.ncbi.nlm.nih.gov/19106388/"
"Pulmonary Hypertension in Left Heart Disease.","Reddy YNV, Borlaug BA.","Clin Chest Med. 2021 Mar;42(1):39-58. doi: 10.1016/j.ccm.2020.11.002.","2021","10.1016/j.ccm.2020.11.002.","42(1)","39-58","Pulmonary hypertension is common in left heart disease and is related most commonly to passive back transmission of elevated left atrial pressures. Some patients, however, may develop pulmonary vascular remodeling superimposed on their left-sided heart dis …","https://pubmed.ncbi.nlm.nih.gov/33541616/"
"Biomarkers in pediatric heart disease.","Nawaytou H, Bernstein HS.","Biomark Med. 2014;8(7):943-63. doi: 10.2217/bmm.14.37.","2014","10.2217/bmm.14.37.","8(7)","943-63","In this review, we discuss the use of biomarkers in differentiating cardiac from noncardiac disease; predicting the prognosis of patients with heart failure, pulmonary hypertension and dilated cardiomyopathy; diagnosing subclinical cardiac involvement in muscular dy …","https://pubmed.ncbi.nlm.nih.gov/25307548/"
"Stress and heart disease.","Lukl P.","Cardiovasc Clin. 1971;2(3):143-9.","1971","N/A","2(3)","143-9","","https://pubmed.ncbi.nlm.nih.gov/4950421/"
"Heartbeat: focus on heart disease in women.","Otto CM.","Heart. 2020 Apr;106(7):477-478. doi: 10.1136/heartjnl-2020-316802.","2020","10.1136/heartjnl-2020-316802.","106(7)","477-478","","https://pubmed.ncbi.nlm.nih.gov/32169863/"
"Heart disease in cattle: diagnosis, therapeutic approaches and prognosis.","Buczinski S, Rezakhani A, Boerboom D.","Vet J. 2010 Jun;184(3):258-63. doi: 10.1016/j.tvjl.2009.05.005. Epub 2009 Sep 5.","2010","10.1016/j.tvjl.2009.05.005.","184(3)","258-63","Heart disease in cattle remains medically challenging both to diagnose and to treat. This is in part due to its low incidence in the bovine species but also because the prognosis is typically guarded to poor. The majority of published data concerning bovine heart …","https://pubmed.ncbi.nlm.nih.gov/19734077/"
"Depression and heart disease: what do we know, and where are we headed?","Pozuelo L, Tesar G, Zhang J, Penn M, Franco K, Jiang W.","Cleve Clin J Med. 2009 Jan;76(1):59-70. doi: 10.3949/ccjm.75a.08011.","2009","10.3949/ccjm.75a.08011.","76(1)","59-70","Depression and heart disease have an intricate association and perhaps a causal relationship. We review the current status of depression and heart disease and provide an algorithm for diagnosing and treating depression in cardiac patients that internis …","https://pubmed.ncbi.nlm.nih.gov/19122112/"
"HEART DISEASE IN AFRICA, WITH PARTICULAR REFERENCE TO SOUTHERN AFRICA.","BRADLOW BA, ZION MM, FLEISHMAN SJ.","Am J Cardiol. 1964 May;13:650-69. doi: 10.1016/0002-9149(64)90200-0.","1964","10.1016/0002-9149(64)90200-0.","N/A","650-69","","https://pubmed.ncbi.nlm.nih.gov/14156028/"
"Prevention of heart disease.","Paffenbarger RS Jr.","Postgrad Med. 1972 Jan;51(1):74-8. doi: 10.1080/00325481.1972.11697723.","1972","10.1080/00325481.1972.11697723.","51(1)","74-8","","https://pubmed.ncbi.nlm.nih.gov/4551545/"
"Stroke in children with congenital or acquired heart disease.","Mayne EW.","Curr Opin Pediatr. 2025 Dec 1;37(6):591-596. doi: 10.1097/MOP.0000000000001517. Epub 2025 Nov 6.","2025 Dec 1","10.1097/MOP.0000000000001517.","37(6)","591-596","PURPOSE OF REVIEW: Children with congenital or acquired cardiac disease are at increased risk for both ischemic and hemorrhagic stroke. This review covers the epidemiology, presentation, acute management, and outcomes of stroke in children with heart disease. …","https://pubmed.ncbi.nlm.nih.gov/41190401/"
"Biomarkers in congenital heart disease.","Dobson R, Walker HA, Walker NL.","Biomark Med. 2014;8(7):965-75. doi: 10.2217/bmm.14.71.","2014","10.2217/bmm.14.71.","8(7)","965-75","The population of adults with congenital heart disease (CHD) now exceeds the population of children with CHD. The long-term management of these patients relies on sequential assessment of anatomy and physiology and integration with symptoms, all targeted toward deci …","https://pubmed.ncbi.nlm.nih.gov/25307549/"
"The developmental genetics of congenital heart disease.","Bruneau BG.","Nature. 2008 Feb 21;451(7181):943-8. doi: 10.1038/nature06801.","2008 Feb 21","10.1038/nature06801.","451(7181)","943-8","Congenital heart disease is the leading cause of infant morbidity in the Western world, but only in the past ten years has its aetiology been understood. Recent studies have uncovered the genetic basis for some common forms of the disease and provide new insi …","https://pubmed.ncbi.nlm.nih.gov/18288184/"
"Pulmonary heart disease.","SODEMAN WA.","Dis Chest. 1948 May-Jun;14(3):360-5. doi: 10.1378/chest.14.3.360.","1948","10.1378/chest.14.3.360.","14(3)","360-5","","https://pubmed.ncbi.nlm.nih.gov/18858037/"
"Hypertension Is a Risk Factor for Several Types of Heart Disease: Review of Prospective Studies.","Kokubo Y, Matsumoto C.","Adv Exp Med Biol. 2017;956:419-426. doi: 10.1007/5584_2016_99.","2017","10.1007/5584_2016_99.","N/A","419-426","Many prospective cohort studies have demonstrated that hypertension is a strong risk factor for total mortality and cardiovascular disease (CVD). Heart disease includes coronary heart disease (CHD), heart failure, atrial fibrillation, val …","https://pubmed.ncbi.nlm.nih.gov/27815926/"
"Heart Disease Prevalence, Medical Costs Will Soar in US by 2050.","Harris E.","JAMA. 2024 Jul 23;332(4):273. doi: 10.1001/jama.2024.11026.","2024 Jul 23","10.1001/jama.2024.11026.","332(4)","N/A","","https://pubmed.ncbi.nlm.nih.gov/38941123/"
"Frailty and heart disease.","von Haehling S, Anker SD, Doehner W, Morley JE, Vellas B.","Int J Cardiol. 2013 Oct 3;168(3):1745-7. doi: 10.1016/j.ijcard.2013.07.068. Epub 2013 Aug 7.","2013 Oct 3","10.1016/j.ijcard.2013.07.068.","168(3)","1745-7","Its presence places the individual at risk for rapid deterioration when a major event such as myocardial infarction or hospitalization occurs. In patients with cardiovascular disease, frailty is about three times more prevalent than among elderly persons without. Screening …","https://pubmed.ncbi.nlm.nih.gov/23931976/"
"Heart disease in scleroderma.","BARRITT DW, O'BRIEN W.","Br Heart J. 1952 Jul;14(3):421-4. doi: 10.1136/hrt.14.3.421.","1952","10.1136/hrt.14.3.421.","14(3)","421-4","","https://pubmed.ncbi.nlm.nih.gov/14944735/"
"Pregnancy and heart disease: a review.","Thilén U, Olsson SB.","Eur J Obstet Gynecol Reprod Biol. 1997 Dec;75(1):43-50. doi: 10.1016/s0301-2115(97)00188-7.","1997","10.1016/s0301-2115(97)00188-7.","75(1)","43-50","About one per cent of all pregnancies are affected by maternal heart disease, which may have significant influence on the maternal and foetal outcome. In this context rheumatic heart disease is declining and congenital heart disease is be …","https://pubmed.ncbi.nlm.nih.gov/9447346/"
"Acquired heart disease in children is not necessarily rheumatic.","Agarwal N, Taneja S.","Trop Doct. 2019 Jul;49(3):181-184. doi: 10.1177/0049475519833513. Epub 2019 Mar 13.","2019","10.1177/0049475519833513.","49(3)","181-184","Acquired heart diseases (AHD) cause significant morbidity and mortality in children. There are limited studies on their burden in children. We conducted a retrospective study of 85 consecutive children diagnosed with AHD using clinical evaluation and echocardiograph …","https://pubmed.ncbi.nlm.nih.gov/30866753/"
"THYROTOXIC heart-disease.","[No authors listed]","Lancet. 1959 Nov 7;2(7106):776-7.","1959 Nov 7","N/A","2(7106)","776-7","","https://pubmed.ncbi.nlm.nih.gov/13857515/"
"Anxiety and psychological management of heart disease and heart surgery.","Riordan P, Davis M.","Handb Clin Neurol. 2021;177:393-408. doi: 10.1016/B978-0-12-819814-8.00026-3.","2021","10.1016/B978-0-12-819814-8.00026-3.","N/A","393-408","Anxiety is associated with many forms and facets of heart disease, and, by extension, neurologic manifestations of heart disease. Despite its seeming self-evidence, anxiety is challenging to consistently define, measure, and operationalize in the conte …","https://pubmed.ncbi.nlm.nih.gov/33632455/"
"Overview of Equine Cardiac Disease.","Bonagura JD.","Vet Clin North Am Equine Pract. 2019 Apr;35(1):1-22. doi: 10.1016/j.cveq.2019.01.001. Epub 2019 Mar 11.","2019","10.1016/j.cveq.2019.01.001.","35(1)","1-22","Equine heart diseases can be categorized with morphologic, etiologic, and physiologic diagnoses and classified anatomically as diseases of the pericardium, myocardium, valves (endocardium), and great vessels. ...Heart rhythm disturbances can occur in i …","https://pubmed.ncbi.nlm.nih.gov/30871827/"
"Coronary heart disease in women: a 'new' problem.","Wenger NK.","Hosp Pract (Off Ed). 1992 Nov 15;27(11):59-62, 64, 67 passim. doi: 10.1080/21548331.1992.11705523.","1992 Nov 15","10.1080/21548331.1992.11705523.","27(11)","59-62","Recent reports of ""sex bias"" in the management of heart disease serves to focus on a more fundamental problem. Too little is known about the biology of heart disease in women or the reasons for striking differences in women's risks, prognosis, and trea …","https://pubmed.ncbi.nlm.nih.gov/1429946/"
"The natriuretic peptides as biomarkers for adults with congenital heart disease.","Nir A, Luchner A, Rein AJ.","Biomark Med. 2012 Dec;6(6):827-37. doi: 10.2217/bmm.12.73.","2012","10.2217/bmm.12.73.","6(6)","827-37","Thanks to improved treatment of congenital heart disease early in life, many such patients reach adulthood. Adults with congenital heart disease are an increasing population, which will continue to grow in the future. ...The natriuretic peptides are im …","https://pubmed.ncbi.nlm.nih.gov/23227849/"
"[Progress in pediatric cardiology, congenital heart disease in adults, and heart surgery for congenital heart disease].","García-Guereta L, Benito F, Portela F, Caffarena J.","Rev Esp Cardiol. 2010 Jan;63 Suppl 1:29-39. doi: 10.1016/s0300-8932(10)70138-x.","2010","10.1016/s0300-8932(10)70138-x.","N/A","29-39","The field of pediatric cardiology is continually developing and now covers not only congenital and acquired heart disease in children but also congenital heart disease in adults and the prenatal diagnosis and prevention of heart disease. …","https://pubmed.ncbi.nlm.nih.gov/20223177/"
"[HEART DISEASE IN FRIEDREICH'S ATAXIA. (SURVEY OF THE CASES REPORTED SINCE 1929 AND 10 PERSONAL OBSERVATIONS)].","KOLB P, SO CS, BLOEMER H.","Arch Kreislaufforsch. 1963 Dec;42:112-56.","1963","N/A","N/A","112-56","","https://pubmed.ncbi.nlm.nih.gov/14116951/"
"The constellation of hypertensive heart disease.","Pavlopoulos H, Nihoyannopoulos P.","Hellenic J Cardiol. 2008 Mar-Apr;49(2):92-9.","2008","N/A","49(2)","92-9","Hypertension should be regarded not as a simple elevation of blood pressure, but as a constellation of functional and structural abnormalities that create a phenotypic portrait of hypertensive disease. Recent research has expanded our knowledge related to hypertensive h …","https://pubmed.ncbi.nlm.nih.gov/18459466/"
"Hypoventilation and heart-disease.","GILLAM PM, MYMIN D.","Lancet. 1961 Oct 14;2(7207):853-5. doi: 10.1016/s0140-6736(61)90743-7.","1961 Oct 14","10.1016/s0140-6736(61)90743-7.","2(7207)","853-5","","https://pubmed.ncbi.nlm.nih.gov/13898609/"
"The evolving role of genetics in the diagnosis and management of heart disease.","Beery TA.","Nurs Clin North Am. 2000 Dec;35(4):963-73.","2000","N/A","35(4)","963-73","The role of genetics in heart disease diagnosis and management is expanding daily. Clear genetic components have been found for diseases such as hypertrophic cardiomyopathy, heart failure, and coronary artery disease. Rhythm disturbances with ge …","https://pubmed.ncbi.nlm.nih.gov/11072281/"
"SCAI Is the voice of congenital and structural heart disease interventionalists.","Kavinsky CJ, McElhinney DB, Blankenship JC.","Catheter Cardiovasc Interv. 2016 Feb 15;87(3):349-50. doi: 10.1002/ccd.26446.","2016 Feb 15","10.1002/ccd.26446.","87(3)","349-50","","https://pubmed.ncbi.nlm.nih.gov/26919335/"
"IATROGENIC heart disease.","[No authors listed]","J Am Med Assoc. 1953 May 30;152(5):457. doi: 10.1001/jama.1953.03690050081014.","1953 May 30","10.1001/jama.1953.03690050081014.","152(5)","N/A","","https://pubmed.ncbi.nlm.nih.gov/13044549/"
"[Heart disease].","SIEBECK R.","Schweiz Med Wochenschr. 1953 May 30;83(22):507-9.","1953 May 30","N/A","83(22)","507-9","","https://pubmed.ncbi.nlm.nih.gov/13076090/"
"[Hypertensive heart disease in the patient with chronic kidney disease].","Díez J, Laviades C.","Nefrologia. 2008;28(2):135-42.","2008","N/A","28(2)","135-42","","https://pubmed.ncbi.nlm.nih.gov/18454701/"
"Heart disease and pregnancy.","CAMPBELL M.","Guys Hosp Gaz. 1947 Jun 21;61(1537):169-77.","1947 Jun 21","N/A","61(1537)","169-77","","https://pubmed.ncbi.nlm.nih.gov/20250173/"
"Functional heart disease.","Peltola P.","Suom Laakaril. 1952 Dec 15;(24):1007-10.","1952 Dec 15","N/A","N/A","1007-10","","https://pubmed.ncbi.nlm.nih.gov/13049041/"
"Beriberi heart disease.","BARRERA F.","Trans Am Coll Cardiol. 1955 Apr;4:303-5.","1955","N/A","N/A","303-5","","https://pubmed.ncbi.nlm.nih.gov/14373792/"
"Hypertensive heart disease.","WRIGHT J.","Practitioner. 1955 Feb;174(1040):144-50.","1955","N/A","174(1040)","144-50","","https://pubmed.ncbi.nlm.nih.gov/14357143/"
"Congenital heart disease.","RUPRECHT HA.","J Okla State Med Assoc. 1947 Oct;40(10):417-20.","1947","N/A","40(10)","417-20","","https://pubmed.ncbi.nlm.nih.gov/20267313/"
"Congenital heart disease.","HAMILTON FC.","Univ Toronto Med J. 1947 Nov;25(2):38-43.","1947","N/A","25(2)","38-43","","https://pubmed.ncbi.nlm.nih.gov/20272913/"
"Congenital heart disease.","CAMP PD.","South Med Surg. 1947 Nov;109(11):357-64.","1947","N/A","109(11)","357-64","","https://pubmed.ncbi.nlm.nih.gov/20271411/"
"Women and heart disease: a British Heart Foundation initiative.","Jackson G.","Int J Clin Pract. 2003 Mar;57(2):75.","2003","N/A","57(2)","N/A","","https://pubmed.ncbi.nlm.nih.gov/12661784/"
"Cardiac transplantation and other therapeutic options in the treatment of end-stage heart disease.","Dabol R, Edwards NM.","Compr Ther. 2000 Summer;26(2):109-13. doi: 10.1007/s12019-000-0020-y.","2000","10.1007/s12019-000-0020-y.","26(2)","109-13","This article focuses on the surgical treatment of heart failure. It reviews the advances and limitations of heart transplantation and gives a broad overview of emerging technologies in the treatment of end-stage heart disease....","https://pubmed.ncbi.nlm.nih.gov/10822790/"
"Heartbeat: Telemedicine for echocardiography screening.","Otto CM.","Heart. 2019 Feb;105(4):261-263. doi: 10.1136/heartjnl-2019-314705.","2019","10.1136/heartjnl-2019-314705.","105(4)","261-263","","https://pubmed.ncbi.nlm.nih.gov/31693482/"
